t_record_s,hr_bpm,rr_ms
0.000,81,725.6
0.000,81,739.3
0.990,81,763.7
1.980,81,760.7
3.960,81,758.8
3.960,81,755.9
3.961,81,711.9
4.950,81,699.2
4.950,81,703.1
6.435,82,703.1
7.425,82,696.3
8.414,83,697.3
8.414,83,708.0
10.395,83,731.4
10.395,83,746.1
11.386,83,746.1
11.386,83,743.2
12.375,82,735.4
13.365,82,752.9
14.354,82,744.1
14.354,82,739.3
15.345,82,733.4
16.335,82,717.8
16.335,82,747.1
17.324,82,746.1
18.314,82,753.9
19.304,82,801.8
20.294,81,767.6
20.294,81,757.8
21.284,80,751.0
22.275,80,741.2
23.265,80,741.2
23.265,80,754.9
24.254,80,744.1
25.245,80,735.4
25.245,80,745.1
26.235,80,753.9
27.224,80,740.2
28.215,80,736.3
28.215,80,741.2
29.700,81,738.3
30.690,81,736.3
31.184,81,718.8
31.184,81,723.6
32.174,81,738.3
33.165,81,750.0
34.154,81,753.9
34.154,81,758.8
35.639,81,766.6
36.134,81,770.5
37.123,80,797.9
38.609,79,805.7
38.609,79,803.7
39.104,79,802.7
40.094,79,793.9
41.579,78,793.0
42.568,78,824.2
42.568,78,795.9
43.064,77,785.2
44.054,77,772.5
45.539,77,766.6
46.035,77,801.8
46.035,77,779.3
47.028,77,749.0
49.004,78,728.5
49.004,78,710.9
49.006,78,702.1
49.994,79,695.3
50.985,80,709.0
50.985,80,717.8
52.469,81,738.3
52.964,81,752.9
52.964,81,746.1
54.944,81,735.4
55.439,81,730.5
56.428,81,733.4
56.428,81,755.9
57.419,81,752.0
58.409,81,751.0
59.399,81,745.1
59.399,81,739.3
60.389,81,736.3
61.379,81,738.3
62.369,81,732.4
62.369,81,713.9
63.359,81,706.1
65.339,82,706.1
65.339,82,689.5
65.340,82,675.8
66.329,84,673.8
66.329,84,677.7
68.309,84,677.7
68.310,85,714.8
68.310,85,710.9
69.299,85,687.5
70.289,85,672.9
71.279,86,672.9
71.279,86,675.8
72.764,86,677.7
73.754,87,677.7
73.754,87,686.5
74.249,87,710.0
75.239,87,770.5
76.229,85,741.2
76.229,85,725.6
77.219,85,728.5
78.208,84,748.0
78.208,84,737.3
79.199,84,738.3
80.189,83,744.1
81.179,83,747.1
81.179,83,749.0
82.170,83,757.8
83.162,82,740.2
84.643,82,715.8
84.643,82,690.4
85.634,82,676.8
86.624,84,660.2
86.624,84,654.3
87.118,85,671.9
88.109,86,707.0
88.109,86,716.8
89.594,85,733.4
91.078,85,733.4
91.080,84,738.3
91.080,84,731.4
92.068,84,749.0
93.554,84,773.4
94.049,82,769.5
94.049,82,761.7
95.533,82,752.0
97.517,82,740.2
97.517,82,722.7
97.517,82,729.5
98.009,82,720.7
99.989,82,724.6
99.989,82,695.3
99.990,82,684.6
100.979,83,686.5
102.959,84,691.4
102.959,84,697.3
102.960,84,695.3
104.939,85,685.5
104.939,85,698.2
105.929,85,710.9
106.423,85,715.8
107.414,85,727.5
107.414,85,721.7
108.404,84,719.7
109.394,84,721.7
109.394,84,735.4
110.384,84,740.2
111.374,84,739.3
112.363,83,739.3
112.363,83,740.2
113.353,83,748.0
114.344,83,735.4
115.334,82,734.4
115.334,82,723.6
116.324,82,723.6
117.313,82,731.4
117.313,82,713.9
118.304,82,709.0
119.294,83,699.2
120.284,83,710.0
120.284,83,708.0
121.769,83,687.5
122.263,84,678.7
122.263,84,682.6
123.254,85,690.4
124.244,85,701.2
124.244,85,708.0
125.234,85,702.1
126.223,85,703.1
126.223,85,688.5
127.214,85,678.7
128.204,86,693.4
129.194,86,695.3
129.194,86,691.4
130.678,86,695.3
131.174,86,697.3
131.174,86,689.5
132.164,86,706.1
133.154,86,710.0
134.144,86,730.5
134.144,86,726.6
135.134,85,731.4
136.122,84,746.1
136.122,84,735.4
137.113,84,709.0
138.598,84,700.2
139.093,84,703.1
139.093,84,717.8
140.084,84,695.3
141.074,85,681.6
141.074,85,681.6
142.064,85,690.4
143.053,85,711.9
143.053,85,729.5
144.045,85,710.9
146.025,85,690.4
146.025,85,681.6
146.026,85,664.1
147.509,86,664.1
148.498,87,674.8
148.498,87,693.4
148.994,87,736.3
149.984,87,762.7
150.974,85,769.5
150.974,85,779.3
152.953,84,787.1
152.954,83,771.5
154.933,82,759.8
154.933,82,773.4
156.419,81,767.6
156.420,81,768.6
157.408,81,761.7
157.408,81,758.8
158.399,80,748.0
159.389,80,736.3
160.378,80,734.4
160.378,80,724.6
161.369,81,722.7
162.359,81,723.6
163.844,81,718.8
163.844,81,715.8
165.329,82,728.5
165.330,82,742.2
166.318,82,761.7
166.318,82,753.9
167.308,81,758.8
168.299,81,745.1
169.288,81,735.4
169.288,81,737.3
170.278,81,739.3
171.268,81,743.2
172.257,81,752.0
172.257,81,740.2
173.248,81,735.4
174.238,81,738.3
175.228,81,746.1
175.228,81,746.1
176.218,81,739.3
177.208,81,736.3
177.208,81,738.3
178.198,81,731.4
179.189,81,729.5
180.179,81,743.2
180.179,81,729.5
181.168,81,734.4
182.158,81,731.4
183.643,82,660.2
183.643,82,796.9
184.633,82,729.5
185.128,82,718.8
185.128,82,701.2
186.118,82,685.5
187.108,83,672.9
187.108,83,659.2
188.098,84,657.2
189.088,85,677.7
190.078,86,711.9
190.078,86,734.4
191.068,85,751.0
192.057,85,767.6
193.048,83,788.1
193.048,83,800.8
194.038,82,806.6
195.028,81,783.2
196.018,81,764.6
197.008,80,779.3
197.008,80,764.6
198.001,80,754.9
198.989,80,741.2
199.981,80,736.3
199.981,80,735.4
200.968,80,742.2
202.948,80,754.9
202.948,80,752.0
202.949,80,757.8
204.929,80,761.7
205.423,80,748.0
205.423,80,759.8
206.413,80,752.0
207.403,80,749.0
208.393,80,750.0
209.878,80,749.0
209.878,80,753.9
210.373,80,748.0
211.364,80,763.7
212.353,80,791.0
212.353,80,789.1
214.333,79,792.0
214.334,79,778.3
215.323,79,762.7
215.323,79,744.1
216.313,79,743.2
217.303,79,734.4
218.790,79,734.4
218.790,79,714.8
219.283,80,721.7
220.274,80,732.4
221.263,80,743.2
221.263,80,740.2
222.253,80,735.4
223.242,81,720.7
223.242,81,699.2
224.233,81,685.5
225.223,82,693.4
225.223,82,712.9
226.708,83,718.8
227.203,83,711.9
228.193,83,734.4
228.193,83,740.2
229.184,83,758.8
230.174,82,767.6
231.163,82,750.0
231.163,82,733.4
232.156,82,714.8
233.143,82,713.9
234.133,82,712.9
234.133,82,711.9
235.122,82,719.7
236.113,83,731.4
236.113,83,728.5
237.103,83,734.4
238.093,83,734.4
239.083,82,729.5
239.083,82,703.1
240.073,83,698.2
241.062,83,709.0
241.062,83,711.9
242.052,83,701.2
243.043,83,697.3
244.033,84,695.3
244.033,84,704.1
245.024,84,710.0
246.012,84,717.8
246.012,84,709.0
247.003,84,713.9
247.993,84,726.6
248.983,84,740.2
248.983,84,743.2
249.973,84,737.3
252.448,83,742.2
252.943,83,730.5
252.943,83,723.6
252.944,83,731.4
254.428,83,725.6
254.428,83,722.7
255.418,83,709.0
256.408,83,692.4
256.408,83,694.3
257.398,84,705.1
258.388,84,716.8
259.377,84,729.5
260.367,83,750.0
260.367,83,772.5
261.357,83,789.1
262.348,82,783.2
263.338,81,777.3
263.338,81,780.3
264.823,81,748.0
265.318,81,717.8
265.318,81,688.5
266.308,81,680.7
268.287,82,688.5
268.289,83,710.9
268.289,83,723.6
269.281,83,731.4
270.269,83,748.0
271.753,82,736.3
271.753,82,747.1
272.248,82,756.8
273.238,82,774.4
274.228,81,777.3
274.228,81,767.6
275.218,81,778.3
276.703,80,799.8
277.197,80,811.5
278.188,79,804.7
278.188,79,788.1
279.177,79,768.6
280.168,78,759.8
281.158,78,770.5
282.147,78,779.3
282.147,78,791.0
283.137,78,789.1
284.127,78,791.0
285.118,78,808.6
286.602,77,802.7
286.602,77,804.7
287.098,77,775.4
288.088,77,767.6
288.088,77,751.0
289.076,77,727.5
290.068,78,704.1
290.068,78,681.6
291.058,79,675.8
292.047,80,688.5
293.039,81,704.1
293.039,81,715.8
294.028,82,725.6
295.018,82,731.4
296.007,82,752.9
296.007,82,756.8
296.998,82,751.0
297.988,81,755.9
298.977,81,759.8
298.977,81,755.9
299.968,81,740.2
301.971,81,737.3
301.971,81,740.2
301.971,81,761.7
303.432,81,760.7
304.425,81,766.6
305.414,80,768.6
305.414,80,757.8
306.403,80,771.5
307.393,80,767.6
308.383,79,770.5
308.383,79,741.2
310.858,79,739.3
310.859,80,739.3
311.352,80,720.7
311.352,80,717.8
312.342,80,720.7
313.333,81,742.2
314.323,81,762.7
314.323,81,770.5
315.311,80,778.3
316.303,80,794.9
317.293,80,798.8
318.282,79,800.8
318.282,79,783.2
319.275,79,777.3
320.263,78,767.6
321.252,78,781.2
322.243,78,773.4
322.243,78,769.5
323.232,78,759.8
324.222,78,744.1
325.213,79,748.0
325.213,79,759.8
326.202,79,769.5
327.193,79,769.5
328.182,78,777.3
328.182,78,783.2
329.172,78,760.7
330.162,78,748.0
331.152,79,746.1
331.152,79,737.3
332.141,79,739.3
333.132,79,735.4
333.132,79,723.6
334.121,80,718.8
335.112,80,726.6
336.101,80,737.3
336.101,80,730.5
337.091,81,731.4
338.082,81,755.9
339.072,81,766.6
340.062,80,775.4
340.062,80,791.0
341.052,80,793.0
342.041,79,782.2
343.034,79,759.8
343.034,79,746.1
344.519,79,735.4
346.002,79,734.4
346.002,79,737.3
346.992,80,1511.7
347.981,80,740.2
347.981,80,725.6
349.962,80,725.6
349.964,80,739.3
351.942,81,738.3
351.942,81,743.2
351.943,81,751.0
353.427,81,771.5
354.417,80,781.2
355.407,80,780.3
355.407,80,789.1
356.397,79,773.4
357.387,79,765.6
358.377,79,764.6
359.367,79,786.1
359.367,79,787.1
360.356,79,801.8
361.347,78,810.5
362.337,78,794.9
362.337,78,776.4
364.317,77,756.8
364.319,78,729.5
364.319,78,708.0
365.307,78,687.5
366.298,79,673.8
367.287,81,683.6
367.287,81,697.3
368.277,82,711.9
369.268,82,731.4
370.257,82,762.7
370.257,82,753.9
371.247,82,748.0
372.237,81,736.3
373.227,81,744.1
373.227,81,763.7
374.216,81,749.0
375.208,81,752.9
376.197,81,744.1
376.197,81,736.3
378.178,81,743.2
378.178,81,745.1
379.167,81,1468.8
380.157,81,714.8
381.147,81,723.6
381.147,81,721.7
382.136,82,731.4
383.127,82,744.1
384.612,82,739.3
384.612,82,732.4
385.107,82,722.7
386.097,82,718.8
386.097,82,721.7
387.087,82,721.7
388.077,82,716.8
390.057,82,716.8
390.057,82,739.3
390.058,82,743.2
391.048,82,743.2
392.037,82,752.9
392.037,82,745.1
393.028,82,735.4
394.018,82,719.7
394.018,82,715.8
395.007,82,709.0
395.997,83,692.4
395.997,83,682.6
396.986,83,668.9
397.977,85,661.1
397.977,85,645.5
398.967,85,650.4
399.957,86,670.9
401.936,87,689.5
401.936,87,704.1
402.431,87,714.8
403.422,87,730.5
404.412,86,737.3
404.412,86,738.3
405.402,85,759.8
406.392,84,785.2
407.381,83,780.3
407.381,83,783.2
408.372,82,774.4
409.362,82,758.8
410.351,81,741.2
410.351,81,721.7
411.342,81,733.4
412.331,81,732.4
412.331,81,723.6
413.322,81,722.7
414.312,82,735.4
415.301,82,748.0
416.292,81,768.6
416.292,81,769.5
417.282,81,769.5
418.273,81,752.9
419.263,80,746.1
419.263,80,759.8
420.252,80,749.0
421.242,80,755.9
422.232,80,753.9
422.232,80,758.8
423.222,80,756.8
424.212,80,739.3
425.202,80,733.4
425.202,80,733.4
426.191,80,731.4
427.182,81,720.7
427.182,81,720.7
428.172,81,727.5
429.162,81,742.2
430.152,81,759.8
430.152,81,770.5
431.142,81,766.6
432.131,80,741.2
433.121,80,744.1
433.121,80,734.4
434.111,81,726.6
435.101,81,730.5
436.092,81,728.5
436.092,81,750.0
437.081,81,754.9
438.567,81,776.4
439.062,80,780.3
439.062,80,765.6
440.052,80,750.0
441.044,80,755.9
442.034,80,743.2
442.034,80,743.2
443.027,80,741.2
444.012,80,726.6
445.000,80,736.3
445.000,80,736.3
445.992,81,733.4
446.982,81,732.4
447.971,81,732.4
447.971,81,728.5
448.961,81,742.2
450.942,81,748.0
450.944,81,748.0
450.944,81,756.8
452.426,81,778.3
453.417,81,781.2
454.407,80,763.7
454.407,80,763.7
455.396,80,752.9
456.387,80,738.3
457.872,80,739.3
457.872,80,719.7
458.366,80,701.2
459.357,81,694.3
459.357,81,710.9
460.346,82,719.7
461.336,82,737.3
462.327,82,742.2
462.327,82,752.9
463.317,82,752.9
464.802,81,752.0
465.296,81,773.4
465.296,81,777.3
466.287,81,737.3
467.276,80,721.7
468.267,81,731.4
468.267,81,740.2
469.258,81,739.3
470.246,81,757.8
471.236,81,732.4
471.236,81,711.9
472.226,81,719.7
473.712,81,736.3
474.210,81,761.7
474.210,81,769.5
475.197,81,780.3
476.186,81,774.4
477.177,80,771.5
477.177,80,756.8
478.166,80,760.7
479.157,80,752.9
480.641,80,746.1
480.641,80,742.2
481.137,80,748.0
483.116,80,753.9
483.117,80,765.6
484.601,80,773.4
484.601,80,791.0
486.085,79,798.8
487.076,78,793.0
487.076,78,1523.4
488.066,78,735.4
489.056,78,716.8
489.056,78,710.9
490.047,79,718.8
491.037,80,725.6
492.027,81,725.6
492.027,81,719.7
493.020,81,713.9
494.007,82,703.1
494.007,82,707.0
494.995,82,712.9
495.987,82,709.0
496.977,83,706.1
496.977,83,697.3
497.967,83,689.5
498.956,84,689.5
498.956,84,699.2
500.936,84,709.0
501.432,84,694.3
502.422,85,712.9
502.422,85,726.6
503.412,84,739.3
504.401,84,746.1
505.391,83,765.6
505.391,83,776.4
506.382,83,792.0
507.371,82,803.7
508.361,81,798.8
509.352,80,795.9
509.352,80,798.8
510.341,80,803.7
511.332,79,790.0
512.324,78,791.0
512.324,78,772.5
513.314,78,763.7
514.301,78,756.8
515.292,78,760.7
516.281,78,772.5
516.281,78,764.6
517.271,78,783.2
518.262,78,778.3
519.254,78,784.2
520.241,78,801.8
520.241,78,797.9
521.231,77,804.7
522.222,77,799.8
523.211,77,798.8
523.211,77,780.3
524.201,77,768.6
525.191,77,774.4
526.182,77,745.1
526.182,77,719.7
527.171,78,705.1
528.161,78,710.0
529.151,79,730.5
529.151,79,738.3
530.141,80,774.4
531.131,80,789.1
532.121,79,789.1
532.121,79,809.6
533.606,79,789.1
534.596,78,741.2
535.090,79,715.8
535.090,79,688.5
536.081,79,668.9
537.566,81,666.0
537.566,81,659.2
538.556,82,673.8
539.546,84,700.2
539.546,84,708.0
540.041,84,733.4
541.032,84,770.5
542.027,83,781.2
543.011,82,770.5
543.011,82,790.0
544.001,81,774.4
544.991,81,789.1
545.980,80,835.9
546.971,80,846.7
547.961,78,840.8
547.961,78,834.0
548.951,78,843.8
550.931,77,848.6
551.425,76,826.2
554.396,76,828.1
554.396,76,802.7
554.398,75,795.9
554.399,75,790.0
555.880,75,796.9
556.376,75,786.1
556.376,75,775.4
557.366,76,777.3
558.356,76,787.1
559.346,76,774.4
559.346,76,777.3
560.336,76,760.7
561.821,76,758.8
562.811,77,779.3
563.306,77,766.6
565.781,77,770.5
566.276,77,1543.0
566.771,77,769.5
567.266,77,792.0
567.266,77,800.8
568.255,77,810.5
569.248,76,790.0
571.226,76,764.6
571.226,76,755.9
572.215,77,777.3
573.206,77,763.7
573.206,77,778.3
574.196,77,1577.1
575.186,77,751.0
576.176,78,755.9
576.176,78,762.7
577.165,78,749.0
578.156,78,710.9
579.146,80,698.2
579.146,80,699.2
580.136,80,707.0
581.125,81,714.8
581.125,81,723.6
582.114,81,741.2
583.105,82,752.0
584.095,81,772.5
585.085,81,786.1
585.085,81,806.6
586.076,80,795.9
587.065,80,787.1
588.056,79,775.4
589.046,79,771.5
589.046,79,762.7
590.036,79,770.5
591.027,79,751.0
591.027,79,753.9
592.017,79,752.9
593.995,79,755.9
593.996,79,764.6
594.985,79,772.5
594.985,79,757.8
595.976,79,726.6
596.966,79,721.7
596.966,79,717.8
597.956,80,716.8
598.946,80,735.4
600.431,81,747.1
600.431,81,776.4
601.420,80,775.4
602.410,80,782.2
603.400,80,765.6
604.390,79,777.3
604.390,79,758.8
605.381,79,758.8
606.371,79,731.4
606.371,79,714.8
607.360,80,706.1
608.350,80,706.1
609.340,81,707.0
609.340,81,728.5
610.330,81,747.1
611.321,81,761.7
612.311,81,764.6
612.311,81,764.6
613.300,81,750.0
614.291,81,735.4
615.281,81,732.4
615.281,81,723.6
616.270,81,719.7
617.260,81,739.3
618.250,81,758.8
618.250,81,738.3
619.241,81,736.3
620.231,81,736.3
621.220,81,733.4
621.220,81,750.0
622.210,81,744.1
623.201,81,756.8
623.201,81,759.8
624.191,81,753.9
625.180,81,755.9
626.171,80,778.3
627.159,80,797.9
627.159,80,790.0
628.149,79,779.3
629.140,79,757.8
630.130,79,750.0
630.130,79,747.1
632.110,79,751.0
632.112,79,766.6
633.100,79,773.4
634.089,79,778.3
634.089,79,785.2
635.080,79,785.2
636.070,78,775.4
637.059,78,760.7
637.059,78,753.9
638.050,78,744.1
639.041,79,741.2
640.030,79,745.1
640.030,79,758.8
641.020,79,773.4
642.009,79,790.0
643.001,79,782.2
643.001,79,766.6
643.991,78,762.7
644.980,78,766.6
645.970,78,764.6
647.950,78,759.8
647.950,78,752.9
647.951,79,739.3
649.933,79,746.1
650.426,79,751.0
650.426,79,752.0
651.415,79,764.6
653.395,79,777.3
653.395,79,777.3
654.385,79,1503.9
655.375,78,727.5
655.375,78,743.2
656.365,78,726.6
657.356,79,709.0
658.345,81,718.8
658.345,81,738.3
659.335,81,750.0
660.326,81,757.8
661.315,81,749.0
661.315,81,752.9
662.306,81,749.0
663.296,80,736.3
664.286,81,710.0
664.286,81,699.2
665.275,81,674.8
666.265,83,673.8
666.265,83,688.5
667.256,83,708.0
668.245,84,753.9
669.236,83,783.2
670.225,82,789.1
670.225,82,807.6
671.216,81,780.3
672.206,81,780.3
673.196,80,782.2
673.196,80,790.0
674.186,80,777.3
675.175,79,783.2
676.165,79,783.2
677.155,78,797.9
677.155,78,798.8
678.145,78,805.7
680.125,78,797.9
680.125,78,789.1
681.115,77,1537.1
682.105,77,749.0
683.095,77,752.9
683.095,77,754.9
684.085,77,743.2
685.075,78,748.0
686.067,78,755.9
687.057,79,758.8
687.057,79,774.4
688.540,79,782.2
689.036,78,782.2
690.027,78,776.4
690.027,78,788.1
691.016,78,777.3
692.005,78,772.5
692.996,78,766.6
693.985,78,778.3
693.985,78,773.4
694.976,78,762.7
695.966,78,770.5
696.955,78,771.5
696.955,78,785.2
697.946,78,787.1
699.925,78,785.2
700.420,77,770.5
700.420,77,752.9
702.400,78,755.9
702.402,78,753.9
703.391,78,746.1
703.391,78,761.7
704.380,78,755.9
705.370,78,755.9
706.360,78,780.3
707.350,78,769.5
707.350,78,774.4
708.340,78,773.4
709.329,78,775.4
710.320,78,749.0
710.320,78,746.1
711.309,78,757.8
712.300,79,751.0
713.290,79,754.9
713.290,79,754.9
714.280,79,762.7
715.270,79,776.4
716.260,79,769.5
716.260,79,755.9
717.249,79,755.9
718.240,79,757.8
719.230,79,760.7
719.230,79,764.6
720.223,79,766.6
721.210,79,774.4
722.200,79,782.2
723.190,78,784.2
723.190,78,768.6
724.179,78,768.6
725.170,78,742.2
726.159,79,740.2
726.159,79,749.0
727.150,79,751.0
728.140,79,749.0
729.130,79,746.1
729.130,79,750.0
730.120,79,743.2
731.110,79,749.0
732.099,79,764.6
732.099,79,767.6
733.090,79,770.5
734.080,79,779.3
735.069,79,783.2
735.069,79,770.5
736.059,79,746.1
737.051,79,738.3
738.041,79,723.6
738.041,79,707.0
739.029,80,691.4
740.020,81,686.5
740.020,81,689.5
741.009,82,708.0
742.000,82,723.6
742.990,82,741.2
742.990,82,738.3
743.980,82,748.0
744.970,82,764.6
745.960,81,762.7
745.960,81,751.0
746.950,81,742.2
747.940,81,746.1
749.425,81,737.3
749.425,81,730.5
750.414,81,740.2
751.405,81,734.4
752.398,81,738.3
752.398,81,739.3
753.384,81,754.9
754.376,81,728.5
754.376,81,710.9
755.365,81,698.2
756.354,82,715.8
757.344,82,732.4
757.344,82,722.7
758.335,82,733.4
759.325,82,748.0
760.315,82,760.7
760.315,82,771.5
761.308,81,764.6
762.294,81,760.7
763.285,81,756.8
763.285,81,763.7
764.275,80,755.9
765.264,80,752.0
766.749,80,745.1
767.245,80,733.4
768.234,80,1500.0
769.225,80,734.4
769.225,80,745.1
770.214,81,732.4
771.204,81,742.2
772.194,81,758.8
773.185,81,760.7
774.175,80,758.8
775.164,80,1444.3
775.164,80,718.8
776.155,80,738.3
777.145,80,737.3
778.135,80,758.8
778.135,80,764.6
779.125,80,762.7
780.115,80,773.4
781.104,79,765.6
781.104,79,764.6
783.084,79,757.8
784.075,79,737.3
784.075,79,1485.4
785.065,79,732.4
786.055,79,739.3
787.046,80,729.5
787.046,80,742.2
788.036,80,745.1
789.030,80,752.9
790.015,80,764.6
790.015,80,763.7
791.005,80,752.9
791.994,80,742.2
791.994,80,743.2
792.985,80,726.6
793.975,80,707.0
794.965,81,693.4
794.965,81,675.8
795.955,82,664.1
796.945,83,676.8
796.945,83,705.1
797.934,84,725.6
799.420,84,758.8
800.410,83,770.5
800.410,83,765.6
801.400,82,785.2
802.390,82,792.0
803.380,81,793.9
804.370,80,787.1
804.370,80,785.2
805.360,80,774.4
806.349,79,776.4
807.340,79,783.2
808.330,79,782.2
808.330,79,787.1
809.320,79,777.3
810.310,78,757.8
811.299,78,761.7
811.299,78,760.7
812.289,78,762.7
813.279,78,760.7
814.270,79,762.7
814.270,79,771.5
815.259,78,772.5
816.250,78,749.0
817.239,79,744.1
817.239,79,746.1
818.230,79,754.9
819.220,79,761.7
820.210,79,751.0
820.210,79,744.1
821.200,79,756.8
822.190,79,757.8
823.180,79,767.6
823.180,79,759.8
824.169,79,752.9
825.160,79,753.9
826.149,79,757.8
826.149,79,756.8
827.140,79,764.6
828.130,79,756.8
829.119,79,751.0
829.119,79,758.8
830.109,79,751.0
831.099,79,713.9
832.088,80,690.4
832.088,80,688.5
833.079,81,699.2
834.068,82,718.8
834.068,82,741.2
836.049,82,747.1
836.052,82,767.6
837.039,81,781.2
838.029,81,782.2
838.029,81,793.0
839.021,80,773.4
840.009,80,782.2
841.000,79,761.7
841.000,79,752.0
841.990,79,759.8
842.979,79,783.2
843.970,79,784.2
844.960,79,798.8
844.960,79,793.9
845.950,78,793.0
846.942,78,790.0
848.424,78,777.3
848.424,78,760.7
849.415,78,731.4
850.405,78,739.3
852.384,79,746.1
852.384,79,753.9
852.386,79,768.6
853.375,79,763.7
854.364,79,763.7
855.354,79,774.4
855.354,79,793.9
856.344,78,788.1
857.334,78,801.8
858.324,78,788.1
859.313,78,764.6
859.313,78,781.2
860.304,78,799.8
861.294,77,801.8
862.284,77,805.7
862.284,77,795.9
863.274,77,780.3
864.264,77,787.1
865.254,77,918.9
866.244,77,651.4
866.244,77,775.4
867.234,77,796.9
868.224,77,814.5
869.214,76,819.3
870.699,76,833.0
871.194,75,821.3
871.194,75,816.4
872.184,75,819.3
873.174,75,817.4
875.154,75,806.6
875.154,75,817.4
876.144,74,1576.2
877.133,74,518.6
878.124,74,1027.3
878.124,74,760.7
879.114,75,762.7
880.104,76,743.2
881.093,77,738.3
881.093,77,748.0
882.083,78,753.9
883.076,78,746.1
884.064,78,752.0
884.064,78,766.6
885.055,78,786.1
886.044,78,785.2
887.035,78,793.0
888.028,78,808.6
888.028,78,795.9
890.005,77,794.9
890.993,77,792.0
891.984,77,1600.6
891.984,77,786.1
892.974,76,778.3
893.964,76,777.3
894.954,76,782.2
895.944,76,797.9
895.944,76,793.9
896.934,76,793.9
898.419,76,777.3
899.408,76,764.6
899.408,76,771.5
900.399,77,771.5
901.389,77,777.3
902.379,77,757.8
902.379,77,755.9
903.368,77,753.9
904.359,77,745.1
906.339,78,728.5
906.339,78,715.8
906.340,79,719.7
907.329,79,730.5
908.318,80,758.8
908.318,80,782.2
909.308,79,789.1
910.298,79,776.4
911.288,79,767.6
911.288,79,759.8
912.279,79,756.8
913.268,79,727.5
914.258,79,721.7
915.248,80,748.0
915.248,80,786.1
916.238,79,813.5
917.228,79,815.4
918.218,78,828.1
919.209,77,816.4
919.209,77,825.2
920.198,77,805.7
921.191,77,814.5
922.179,76,793.0
923.168,76,768.6
923.168,76,758.8
924.158,77,764.6
925.148,77,736.3
926.138,78,735.4
926.138,78,746.1
927.129,78,763.7
928.118,78,786.1
929.108,78,786.1
929.108,78,778.3
930.098,78,765.6
931.088,78,760.7
932.077,78,753.9
932.077,78,756.8
933.068,78,744.1
934.059,78,739.3
935.049,79,756.8
935.049,79,759.8
936.040,79,773.4
937.031,79,783.2
938.022,79,784.2
939.503,78,778.3
939.503,78,773.4
939.998,78,772.5
940.988,78,748.0
941.977,78,726.6
941.977,78,726.6
942.969,79,742.2
943.959,79,761.7
944.948,79,789.1
944.948,79,751.0
945.939,79,726.6
947.423,80,705.1
947.423,80,691.4
948.414,80,674.8
949.898,82,672.9
949.898,82,665.0
950.393,83,670.9
951.383,84,711.9
952.372,84,746.1
952.372,84,742.2
953.363,83,710.0
954.354,84,693.4
954.354,84,677.7
955.346,84,668.0
956.336,85,668.9
956.336,85,679.7
957.323,86,695.3
958.313,86,709.0
959.303,86,735.4
959.303,86,763.7
960.293,85,787.1
961.283,84,791.0
962.273,83,811.5
963.263,82,826.2
964.253,80,820.3
964.253,80,832.0
965.243,79,829.1
966.232,79,827.1
968.213,78,797.9
968.213,78,784.2
969.698,77,1598.6
970.192,77,779.3
971.183,76,780.3
971.183,76,752.0
972.172,77,740.2
973.163,78,722.7
973.163,78,711.9
974.153,79,715.8
975.143,79,712.9
976.133,80,702.1
976.133,80,721.7
977.123,81,725.6
978.114,81,742.2
979.103,81,762.7
979.103,81,777.3
980.093,81,779.3
981.084,80,753.9
982.073,80,744.1
982.073,80,728.5
983.068,80,728.5
984.057,80,727.5
985.043,81,729.5
985.043,81,738.3
986.033,81,764.6
988.013,81,774.4
988.014,80,791.0
989.002,80,790.0
989.002,80,791.0
989.993,79,790.0
990.983,79,792.0
991.973,78,786.1
991.973,78,751.0
992.962,78,747.1
993.952,79,752.0
994.943,79,739.3
994.943,79,748.0
995.932,79,747.1
997.418,79,752.0
998.408,79,769.5
999.398,79,734.4
1000.388,79,1463.9
1000.388,79,724.6
1001.378,79,730.5
1002.368,79,728.5
1003.358,80,735.4
1003.358,80,749.0
1004.348,80,750.0
1005.338,80,748.0
1006.328,80,756.8
1006.328,80,755.9
1007.318,80,763.7
1008.308,80,764.6
1009.297,80,786.1
1010.288,79,802.7
1010.288,79,785.2
1011.278,79,777.3
1012.267,79,769.5
1013.258,78,774.4
1013.258,78,760.7
1014.248,78,764.6
1015.237,78,757.8
1016.228,79,761.7
1016.228,79,755.9
1017.218,79,749.0
1018.208,79,720.7
1019.198,79,715.8
1019.198,79,733.4
1020.187,80,747.1
1021.178,80,754.9
1022.168,80,770.5
1022.168,80,774.4
1023.158,80,735.4
1024.148,80,720.7
1025.138,80,737.3
1025.138,80,755.9
1026.127,80,750.0
1027.118,80,754.9
1028.110,80,789.1
1029.099,79,789.1
1029.099,79,801.8
1030.088,79,811.5
1031.078,79,808.6
1032.068,78,797.9
1032.068,78,771.5
1033.058,78,766.6
1034.048,78,769.5
1035.038,78,766.6
1036.033,78,755.9
1036.033,78,761.7
1037.017,78,746.1
1038.008,79,717.8
1038.008,79,708.0
1038.998,79,709.0
1040.978,80,705.1
1040.979,81,703.1
1040.979,81,714.8
1041.968,81,720.7
1042.958,81,743.2
1043.948,81,752.9
1043.948,81,771.5
1044.938,81,767.6
1046.423,81,781.2
1047.413,80,781.2
1047.413,80,764.6
1048.402,80,776.4
1049.393,80,784.2
1050.383,79,770.5
1050.383,79,756.8
1051.372,79,754.9
1052.362,79,749.0
1053.352,79,723.6
1053.352,79,716.8
1055.333,80,731.4
1055.334,80,756.8
1056.322,80,781.2
1057.312,80,801.8
1057.312,80,797.9
1058.303,79,770.5
1059.293,79,768.6
1060.282,79,756.8
1060.282,79,727.5
1061.272,79,729.5
1062.263,79,729.5
1063.252,80,739.3
1063.252,80,754.9
1064.242,80,764.6
1065.232,80,753.9
1065.232,80,738.3
1066.222,80,712.9
1067.213,81,699.2
1067.213,81,681.6
1068.203,81,667.0
1069.192,82,668.0
1070.183,83,693.4
1070.183,83,716.8
1071.173,84,751.0
1072.162,83,793.0
1073.153,83,784.2
1074.143,81,801.8
1074.143,81,820.3
1075.132,81,911.1
1076.123,79,710.9
1077.115,79,801.8
1078.102,79,823.2
1079.092,78,841.8
1079.092,78,843.8
1080.084,77,832.0
1081.073,77,810.5
1082.069,76,826.2
1083.053,76,822.3
1083.053,76,803.7
1084.043,76,799.8
1085.033,75,785.2
1086.023,75,791.0
1087.013,76,798.8
1087.013,76,815.4
1088.003,75,800.8
1088.993,75,784.2
1089.982,76,765.6
1089.982,76,781.2
1090.973,76,770.5
1091.962,76,773.4
1092.955,76,766.6
1093.945,76,764.6
1093.945,76,778.3
1094.933,77,771.5
1097.407,77,780.3
1097.409,77,781.2
1097.409,77,772.5
1098.396,77,753.9
1099.388,77,753.9
1100.377,77,755.9
1101.367,77,770.5
1102.358,78,762.7
1103.348,78,1532.2
1103.348,78,734.4
1104.337,78,741.2
1105.327,78,739.3
1106.318,79,747.1
1106.318,79,749.0
1107.308,79,759.8
1108.297,79,760.7
1109.782,79,770.5
1110.278,79,764.6
1110.278,79,774.4
1111.267,79,771.5
1112.258,79,790.0
1113.248,78,803.7
1113.248,78,775.4
1114.237,78,752.0
1115.227,78,752.9
1116.218,78,765.6
1117.207,78,763.7
1117.207,78,777.3
1118.198,78,782.2
1119.188,78,781.2
1120.177,78,786.1
1120.177,78,792.0
1121.168,78,804.7
1122.157,77,807.6
1123.148,77,805.7
1124.137,77,792.0
1124.137,77,805.7
1125.127,77,800.8
1126.118,76,779.3
1127.108,76,768.6
1128.101,77,754.9
1128.101,77,760.7
1129.090,77,757.8
1130.077,77,778.3
1131.069,77,782.2
1131.069,77,758.8
1132.059,77,778.3
1133.048,77,781.2
1134.038,77,785.2
1134.038,77,768.6
1135.031,77,767.6
1137.007,77,784.2
1137.009,77,773.4
1137.997,77,780.3
1137.997,77,784.2
1138.987,77,780.3
1139.976,77,763.7
1140.967,77,759.8
1140.967,77,734.4
1141.957,78,710.0
1142.947,78,710.9
1143.937,79,728.5
1143.937,79,749.0
1145.422,79,756.8
1146.412,80,756.8
1146.412,80,748.0
1147.402,80,733.4
1148.392,80,724.6
1149.382,80,704.1
1149.382,80,691.4
1150.372,81,697.3
1151.362,82,711.9
1152.352,82,723.6
1152.352,82,747.1
1153.342,82,763.7
1154.332,81,756.8
1154.332,81,738.3
1155.322,81,726.6
1156.312,81,717.8
1157.301,82,711.9
1157.301,82,708.0
1158.292,82,689.5
1159.282,83,680.7
1159.282,83,694.3
1160.272,84,702.1
1161.265,84,701.2
1162.254,84,713.9
1162.254,84,733.4
1163.242,84,748.0
1164.232,84,753.9
1165.221,83,758.8
1165.221,83,742.2
1166.212,82,734.4
1167.202,82,720.7
1167.202,82,712.9
1168.192,82,714.8
1169.181,83,735.4
1170.171,82,756.8
1170.171,82,746.1
1171.161,82,751.0
1172.151,82,744.1
1173.143,82,730.5
1173.143,82,725.6
1174.135,82,722.7
1175.130,82,740.2
1176.120,82,746.1
1176.120,82,752.0
1177.111,82,733.4
1178.102,82,733.4
1178.102,82,731.4
1179.098,82,728.5
1180.084,82,734.4
1181.075,82,749.0
1181.075,82,750.0
1182.066,81,750.0
1183.061,81,729.5
1184.050,81,731.4
1184.050,81,739.3
1185.042,81,748.0
1186.031,81,756.8
1187.022,81,771.5
1187.022,81,754.9
1188.012,81,744.1
1189.003,81,741.2
1189.994,81,739.3
1189.994,81,748.0
1190.984,81,760.7
1191.975,81,772.5
1192.966,80,775.4
1193.955,80,754.9
1193.955,80,742.2
1195.444,80,752.0
1196.435,80,755.9
1197.422,80,764.6
1197.422,80,761.7
1198.413,80,757.8
1199.404,80,762.7
1200.393,79,775.4
1200.393,79,782.2
1201.384,79,898.4
1202.375,79,651.4
1203.364,78,750.0
1205.345,78,769.5
1205.345,78,789.1
1205.346,78,799.8
1206.335,78,811.5
1207.326,77,776.4
1208.316,77,772.5
1209.305,77,779.3
1210.295,77,1545.9
1210.295,77,753.9
1211.287,77,764.6
1212.276,78,762.7
1213.267,78,768.6
1214.257,78,760.7
1214.257,78,748.0
1216.236,78,752.0
1217.227,79,751.0
1217.227,79,1512.7
1218.217,79,740.2
1219.208,79,753.9
1220.197,79,768.6
1220.197,79,770.5
1221.187,79,763.7
1222.178,79,751.0
1223.168,79,752.0
1223.168,79,762.7
1224.656,79,769.5
1225.148,79,777.3
1226.139,79,769.5
1226.139,79,752.9
1227.128,79,777.3
1228.119,79,783.2
1229.109,78,781.2
1231.088,78,766.6
1231.088,78,763.7
1231.090,78,753.9
1232.082,78,755.9
1233.069,78,761.7
1233.069,78,760.7
1234.065,79,775.4
1235.049,78,779.3
1236.038,78,790.0
1237.028,78,794.9
1237.028,78,785.2
1238.019,78,774.4
1239.008,78,768.6
1239.999,78,774.4
1239.999,78,775.4
1240.989,78,778.3
1241.979,78,779.3
1242.969,78,763.7
1242.969,78,768.6
1244.948,78,764.6
1245.444,78,754.9
1245.444,78,749.0
1246.434,78,759.8
1247.424,78,503.9
1248.414,79,1016.6
1249.404,79,752.9
1250.394,79,779.3
1250.394,79,757.8
1251.384,79,764.6
1252.869,79,757.8
1253.364,79,767.6
1253.364,79,768.6
1254.353,79,759.8
1255.839,79,748.0
1256.334,79,763.7
1256.334,79,766.6
1257.324,79,775.4
1258.314,79,782.2
1259.304,79,787.1
1260.294,78,780.3
1260.294,78,778.3
1261.284,78,772.5
1262.274,78,793.9
1263.264,78,783.2
1263.264,78,793.0
1264.254,78,794.9
1265.244,77,785.2
1266.233,77,791.0
1267.224,77,784.2
1268.214,77,791.0
1269.204,77,1583.0
1270.194,77,776.4
1271.184,77,766.6
1271.184,77,761.7
1272.174,77,757.8
1273.164,78,759.8
1274.155,78,753.9
1274.155,78,760.7
1275.147,78,760.7
1276.136,78,762.7
1277.125,78,761.7
1277.125,78,769.5
1278.119,78,780.3
1279.107,78,786.1
1280.094,78,789.1
1281.085,78,793.9
1281.085,78,796.9
1282.078,77,793.0
1283.067,77,799.8
1284.056,77,797.9
1285.044,77,790.0
1285.044,77,791.0
1286.034,77,791.0
1287.024,77,804.7
1288.015,76,792.0
1288.015,76,782.2
1289.005,76,790.0
1289.997,76,790.0
1290.985,76,798.8
1291.975,76,790.0
1291.975,76,777.3
1292.965,76,781.2
1294.450,76,777.3
1295.440,76,779.3
1296.430,76,775.4
1296.430,76,789.1
1297.420,77,777.3
1298.410,77,760.7
1299.400,77,753.9
1299.400,77,738.3
1300.390,77,735.4
1301.380,78,739.3
1301.380,78,731.4
1302.370,78,710.0
1303.360,80,696.3
1303.360,80,677.7
1304.350,80,662.1
1305.340,81,667.0
1306.330,83,692.4
1306.330,83,724.6
1307.320,83,758.8
1308.310,83,775.4
1309.300,82,791.0
1310.290,81,789.1
1310.290,81,785.2
1311.280,81,785.2
1312.269,80,795.9
1313.259,79,780.3
1313.259,79,766.6
1314.745,79,770.5
1315.239,79,765.6
1316.230,79,776.4
1316.230,79,765.6
1317.220,79,742.2
1318.209,79,719.7
1319.200,80,715.8
1319.200,80,701.2
1320.190,80,701.2
1321.179,81,717.8
1321.179,81,719.7
1322.170,81,741.2
1323.159,81,746.1
1324.155,81,748.0
1324.155,81,754.9
1325.143,81,756.8
1326.130,81,745.1
1327.123,81,742.2
1327.123,81,731.4
1328.113,81,724.6
1329.107,81,722.7
1329.107,81,719.7
1330.089,81,702.1
1331.081,82,699.2
1332.070,83,697.3
1332.070,83,699.2
1333.068,83,698.2
1334.050,84,699.2
1334.050,84,693.4
1335.040,84,683.6
1336.029,84,690.4
1337.020,85,704.1
1337.020,85,752.9
1338.999,85,807.6
1339.000,84,793.0
1339.989,83,791.0
1340.980,81,791.0
1340.980,81,794.9
1341.970,81,785.2
1342.960,80,784.2
1344.445,80,759.8
1344.445,80,757.8
1345.435,79,752.0
1346.424,79,752.0
1347.415,80,738.3
1347.415,80,738.3
1348.404,80,740.2
1349.394,80,730.5
1349.394,80,738.3
1350.385,80,717.8
1351.375,80,723.6
1352.364,81,721.7
1352.364,81,731.4
1353.355,81,727.5
1354.344,81,745.1
1355.334,81,736.3
1355.334,81,710.0
1356.325,81,710.9
1357.314,82,720.7
1357.314,82,708.0
1358.304,82,698.2
1359.297,83,688.5
1359.297,83,676.8
1360.284,84,676.8
1361.274,85,671.9
1361.274,85,665.0
1362.264,85,666.0
1363.255,87,664.1
1363.255,87,659.2
1364.244,87,655.3
1365.235,88,660.2
1365.235,88,667.0
1366.227,88,668.9
1367.216,89,669.9
1367.216,89,676.8
1368.205,89,678.7
1369.195,89,671.9
1369.195,89,661.1
1370.184,89,660.2
1371.175,89,677.7
1372.165,89,689.5
1372.165,89,709.0
1373.157,89,718.8
1374.145,88,742.2
1375.134,86,753.9
1375.134,86,771.5
1376.126,85,799.8
1378.109,84,785.2
1378.109,83,739.3
1378.109,83,717.8
1379.097,83,722.7
1380.088,83,731.4
1381.075,83,738.3
1381.075,83,760.7
1382.069,82,758.8
1383.054,82,743.2
1383.054,82,717.8
1384.045,82,700.2
1385.035,83,680.7
1385.035,83,671.9
1386.520,83,682.6
1387.015,84,470.7
1388.004,85,963.9
1388.995,86,771.5
1388.995,86,771.5
1389.985,84,773.4
1390.975,83,771.5
1392.955,81,775.4
1392.955,81,803.7
1393.450,81,787.1
1394.440,80,782.2
1395.430,80,764.6
1396.420,80,750.0
1396.420,80,766.6
1397.410,80,758.8
1398.402,79,743.2
1398.402,79,736.3
1399.391,80,735.4
1400.380,80,721.7
1401.370,80,729.5
1401.370,80,735.4
1402.359,81,736.3
1403.350,81,740.2
1404.340,81,742.2
1404.340,81,754.9
1405.330,81,749.0
1406.320,81,747.1
1407.310,80,758.8
1407.310,80,770.5
1408.299,80,766.6
1409.292,80,760.7
1410.280,80,753.9
1410.280,80,764.6
1411.269,80,763.7
1412.260,80,766.6
1413.249,79,763.7
1414.240,79,772.5
1414.240,79,769.5
1415.230,79,765.6
1416.220,79,767.6
1417.209,79,773.4
1417.209,79,774.4
1418.199,79,782.2
1419.190,79,776.4
1420.180,78,778.3
1420.180,78,769.5
1421.170,78,767.6
1422.159,78,761.7
1423.152,78,747.1
1423.152,78,739.3
1424.145,79,728.5
1425.130,79,725.6
1426.124,80,729.5
1426.124,80,720.7
1427.110,80,745.1
1428.102,80,741.2
1429.090,80,738.3
1429.090,80,749.0
1430.084,80,752.0
1431.070,80,752.0
1432.060,80,742.2
1432.060,80,727.5
1434.040,80,712.9
1434.042,81,710.0
1434.042,81,721.7
1435.029,81,742.2
1436.020,81,763.7
1437.010,81,769.5
1438.001,81,786.1
1438.001,81,792.0
1438.990,80,773.4
1439.980,80,749.0
1440.970,80,746.1
1440.970,80,752.0
1441.960,80,746.1
1443.445,80,764.6
1444.435,80,765.6
1444.435,80,758.8
1445.424,80,767.6
1446.415,79,776.4
1447.405,79,774.4
1448.394,79,760.7
1448.394,79,771.5
1449.385,79,777.3
1450.375,79,770.5
1451.365,79,766.6
1451.365,79,760.7
1452.355,79,724.6
1453.344,79,711.9
1453.344,79,715.8
1454.334,80,727.5
1455.325,80,735.4
1456.315,80,751.0
1456.315,80,766.6
1457.305,80,762.7
1458.295,80,749.0
1459.287,80,756.8
1459.287,80,742.2
1460.275,80,742.2
1461.264,80,729.5
1462.255,81,717.8
1462.255,81,714.8
1463.245,81,710.9
1464.234,81,725.6
1465.225,82,734.4
1465.225,82,743.2
1466.214,81,759.8
1467.205,81,769.5
1468.195,81,772.5
1468.195,81,770.5
1469.185,80,757.8
1470.175,80,774.4
1471.164,80,792.0
1472.154,79,818.4
1472.154,79,817.4
1473.145,79,810.5
1474.138,78,781.2
1475.126,78,747.1
1475.126,78,711.9
1476.115,78,694.3
1477.109,80,690.4
1477.109,80,700.2
1478.095,80,735.4
1479.088,81,777.3
1480.075,81,794.9
1481.071,80,795.9
1481.071,80,782.2
1482.054,79,801.8
1483.045,79,806.6
1484.034,79,798.8
1485.024,78,805.7
1485.024,78,803.7
1486.014,78,810.5
1487.004,77,824.2
1487.994,77,817.4
1488.985,76,806.6
1488.985,76,787.1
1489.975,76,798.8
1490.965,76,797.9
1492.449,76,793.9
1493.440,76,803.7
1493.440,76,805.7
1494.429,76,802.7
1495.419,76,791.0
1496.409,76,804.7
1497.400,75,822.3
1497.400,75,809.6
1498.389,75,804.7
1499.380,75,807.6
1500.370,75,787.1
1501.360,75,771.5
1501.360,75,753.9
1502.350,76,760.7
1503.339,76,759.8
1504.330,76,773.4
1505.320,76,793.9
1505.320,76,792.0
1506.310,76,779.3
1507.300,77,752.9
1507.300,77,730.5
1508.289,77,720.7
1509.281,78,724.6
1510.270,79,733.4
1510.270,79,752.9
1511.260,79,774.4
1512.250,79,808.6
1513.240,78,802.7
1514.230,78,825.2
1515.220,77,834.0
1515.220,77,788.1
1516.209,77,759.8
1517.695,77,746.1
1517.695,77,722.7
1518.190,78,718.8
1519.179,78,728.5
1520.170,79,732.4
1520.170,79,743.2
1521.160,79,742.2
1522.156,79,745.1
1523.142,80,726.6
1523.142,80,729.5
1524.130,80,721.7
1525.120,81,707.0
1525.120,81,729.5
1526.112,81,743.2
1527.100,81,758.8
1528.089,81,736.3
1528.089,81,724.6
1529.082,81,736.3
1530.070,81,743.2
1531.063,81,730.5
1531.063,81,756.8
1532.050,81,748.0
1533.041,81,752.0
1534.031,81,755.9
1534.031,81,736.3
1535.021,81,721.7
1536.010,81,736.3
1537.000,81,751.0
1537.000,81,764.6
1537.990,81,766.6
1538.980,81,770.5
1539.973,80,765.6
1539.973,80,753.9
1540.962,80,744.1
1542.445,80,733.4
1544.425,80,721.7
1544.425,80,717.8
1544.426,81,727.5
1545.415,81,739.3
1546.406,81,737.3
1546.406,81,734.4
1547.396,81,724.6
1548.385,81,725.6
1548.385,81,741.2
1549.375,81,750.0
1550.366,81,772.5
1551.356,81,778.3
1552.345,80,776.4
1552.345,80,752.0
1553.336,80,752.9
1554.326,80,745.1
1554.326,80,731.4
1555.314,80,724.6
1556.306,80,729.5
1557.296,81,736.3
1558.285,81,756.8
1558.285,81,763.7
1559.275,81,752.0
1560.266,80,749.0
1560.266,80,726.6
1561.255,80,728.5
1562.246,81,713.9
1563.236,81,713.9
1563.236,81,700.2
1564.225,82,710.0
1565.216,82,715.8
1566.205,82,734.4
1566.205,82,771.5
1567.196,82,782.2
1568.185,81,805.7
1569.178,81,797.9
1570.165,80,795.9
1570.165,80,802.7
1571.155,79,801.8
1572.146,79,811.5
1573.139,78,817.4
1574.126,78,798.8
1574.126,78,806.6
1575.117,77,802.7
1576.110,77,811.5
1577.096,77,815.4
1578.086,76,813.5
1578.086,76,804.7
1579.076,76,798.8
1580.072,76,803.7
1581.056,76,804.7
1582.046,76,802.7
1582.046,76,777.3
1583.036,76,790.0
1584.025,76,783.2
1585.016,76,779.3
1586.004,76,773.4
1586.004,76,786.1
1586.996,76,784.2
1587.986,76,789.1
1588.976,76,787.1
1589.966,76,771.5
1591.451,76,778.3
1592.440,77,1590.8
1593.431,77,785.2
1593.431,77,493.2
1594.421,77,1081.1
1595.411,77,761.7
1596.403,78,772.5
1596.403,78,769.5
1597.392,78,771.5
1598.380,78,766.6
1599.371,78,763.7
1600.361,78,769.5
1600.361,78,781.2
1601.351,78,780.3
1602.340,78,773.4
1603.331,78,776.4
1603.331,78,773.4
1604.321,78,782.2
1605.311,78,785.2
1606.301,77,778.3
1606.301,77,771.5
1607.291,77,755.9
1608.281,78,733.4
1609.271,78,713.9
1609.271,78,697.3
1610.260,79,680.7
1611.250,81,667.0
1611.250,81,671.9
1612.239,82,698.2
1613.231,82,739.3
1614.220,82,751.0
1614.220,82,775.4
1615.210,82,809.6
1616.200,81,805.7
1617.191,80,800.8
1618.181,79,805.7
1618.181,79,806.6
1620.161,79,792.0
1621.154,78,781.2
1621.154,78,1539.1
1622.144,77,739.3
1623.132,77,750.0
1624.121,77,748.0
1625.113,78,759.8
1625.113,78,761.7
1626.101,78,758.8
1627.091,78,758.8
1628.081,78,770.5
1628.081,78,767.6
1629.073,78,768.6
1630.063,78,764.6
1631.051,78,764.6
1631.051,78,774.4
1632.040,78,786.1
1633.031,78,792.0
1635.011,78,805.7
1635.011,78,799.8
1636.990,77,1593.8
1636.992,77,786.1
1637.981,76,799.8
1638.971,76,793.0
1638.971,76,786.1
1639.961,76,802.7
1641.445,76,776.4
1642.436,76,780.3
1643.426,76,786.1
1643.426,76,779.3
1644.415,76,754.9
1645.406,76,743.2
1646.396,77,752.0
1646.396,77,744.1
1647.385,77,759.8
1648.376,78,760.7
1649.365,78,766.6
1650.355,78,789.1
1651.346,78,1603.5
1652.336,78,802.7
1653.325,78,801.8
1653.325,78,780.3
1654.316,77,788.1
1655.305,77,795.9
1656.295,77,797.9
1657.285,77,793.9
1657.285,77,794.9
1658.276,76,779.3
1659.265,76,785.2
1660.255,76,786.1
1660.255,76,788.1
1661.246,76,786.1
1662.235,76,788.1
1663.226,76,779.3
1664.216,76,777.3
1664.216,76,797.9
1665.205,76,791.0
1666.196,76,784.2
1667.186,76,786.1
1668.175,76,792.0
1668.175,76,780.3
1669.166,76,783.2
1670.159,76,781.2
1671.147,76,773.4
1671.147,76,771.5
1672.139,77,777.3
1673.127,77,791.0
1674.116,77,788.1
1675.110,77,793.9
1675.110,77,779.3
1676.096,77,769.5
1677.086,77,771.5
1678.076,77,780.3
1680.056,77,794.9
1680.056,77,789.1
1680.057,77,776.4
1681.046,77,781.2
1682.036,77,786.1
1682.036,77,800.8
1683.026,77,798.8
1684.016,76,789.1
1685.006,76,793.0
1685.996,76,792.0
1685.996,76,793.0
1686.986,76,786.1
1687.976,76,790.0
1688.966,76,778.3
1690.451,76,779.3
1690.451,76,776.4
1691.440,76,782.2
1693.420,76,793.9
1693.422,76,791.0
1694.411,76,798.8
1694.411,76,814.5
1695.401,76,804.7
1696.390,76,823.2
1697.381,76,788.1
1697.381,76,780.3
1698.371,76,784.2
1699.361,76,776.4
1700.350,76,771.5
1701.341,76,750.0
1701.341,76,737.3
1702.331,77,741.2
1703.321,77,772.5
1704.311,77,796.9
1704.311,77,806.6
1705.301,77,809.6
1706.291,77,813.5
1707.281,76,812.5
1708.271,76,828.1
1709.261,75,917.0
1709.261,75,695.3
1710.251,75,827.1
1711.241,76,840.8
1712.230,75,858.4
1713.221,74,835.0
1713.221,74,805.7
1714.211,74,783.2
1715.201,74,783.2
1716.191,75,785.2
1717.180,75,767.6
1717.180,75,743.2
1718.171,76,722.7
1719.162,77,710.9
1719.162,77,707.0
1720.154,78,719.7
1721.144,78,733.4
1722.130,79,751.0
1723.128,79,782.2
1723.128,79,785.2
1724.112,79,812.5
1725.103,78,804.7
1726.091,78,810.5
1727.082,77,821.3
1727.082,77,826.2
1728.071,77,819.3
1729.065,76,803.7
1730.051,76,796.9
1731.040,76,797.9
1731.040,76,795.9
1732.030,76,762.7
1733.020,76,732.4
1733.020,76,731.4
1734.010,77,724.6
1735.000,78,730.5
1735.990,78,743.2
1735.990,78,752.9
1736.981,79,762.7
1737.971,79,771.5
1738.960,79,783.2
1740.446,78,782.2
1740.446,78,797.9
1741.436,78,798.8
1742.426,78,804.7
1743.416,77,807.6
1744.406,77,804.7
1744.406,77,796.9
1745.396,77,793.9
1747.376,77,805.7
1747.376,76,807.6
1748.366,76,813.5
1748.366,76,799.8
1749.356,76,787.1
1750.345,76,790.0
1751.336,76,791.0
1752.325,76,801.8
1752.325,76,789.1
1753.315,76,784.2
1754.306,76,793.9
1755.299,76,793.0
1756.289,76,913.1
1756.289,76,670.9
1757.276,76,786.1
1758.266,76,798.8
1759.256,76,812.5
1760.245,75,819.3
1760.245,75,808.6
1761.236,75,810.5
1762.225,75,796.9
1763.216,75,794.9
1764.206,75,798.8
1764.206,75,793.0
1765.196,75,803.7
1766.186,75,800.8
1767.176,75,793.9
1768.166,75,786.1
1768.166,75,786.1
1769.161,75,782.2
1770.147,75,788.1
1771.136,76,785.2
1771.136,76,792.0
1772.126,76,789.1
1773.119,76,770.5
1774.113,76,782.2
1775.096,76,780.3
1775.096,76,787.1
1776.085,76,783.2
1777.075,76,778.3
1778.074,76,762.7
1778.074,76,761.7
1779.056,77,761.7
1780.046,77,773.4
1781.036,77,775.4
1782.025,77,778.3
1782.025,77,781.2
1783.015,77,776.4
1784.006,77,787.1
1785.986,77,788.1
1785.987,77,784.2
1785.987,77,800.8
1786.976,77,789.1
1787.966,77,798.8
1789.451,76,795.9
1790.440,76,804.7
1790.440,76,806.6
1791.431,76,811.5
1792.420,76,817.4
1793.410,76,793.0
1793.410,76,780.3
1794.401,76,771.5
1795.391,76,774.4
1796.380,76,773.4
1797.371,76,770.5
1797.371,76,781.2
1798.360,76,789.1
1799.350,76,797.9
1800.341,76,793.9
